edc_id,x,y
edc_0,954.742919921875,778.9449462890625
edc_1,902.96875,2291.98193359375
edc_2,1825.7197265625,1364.40478515625
