ap_id;x;y
ap_0;400.66776;2457.3906
ap_1;1651.3545;2265.2197
ap_2;240.71834;1905.8291
ap_3;2123.7195;277.2529
ap_4;1252.385;255.89153
ap_5;376.31384;215.27675
ap_6;1136.3301;2838.9568
ap_7;1547.3496;1235.5836
ap_8;270.25293;1294.9988
ap_9;778.94867;644.2152
ap_10;933.19446;2039.176
ap_11;2228.3376;1002.1537
ap_12;247.86665;750.4141
ap_13;1680.2212;681.2792
ap_14;853.69415;1321.971
ap_15;1158.1157;868.97284
ap_16;2077.063;1571.9667
ap_17;1440.9855;1730.6592
ap_18;364.82962;2938.4407
